{
  "coeficientes": [0.18765, 0.11416, 0.019394, 0.678796],
  "intercepto": 0
}
